{"accuracy": [0.2728896737098694, 0.39615899324417114, 0.43724876642227173, 0.4845913350582123, 0.5024564266204834, 0.5216614603996277, 0.5395265817642212, 0.5538186430931091, 0.5547119379043579, 0.5618579983711243], "loss": [2.0140514373779297, 1.687043309211731, 1.6028239727020264, 1.5022687911987305, 1.4163497686386108, 1.3829039335250854, 1.341895341873169, 1.273637294769287, 1.258830189704895, 1.2266345024108887], "val_accuracy": [0.39213934540748596, 0.4184904098510742, 0.4408217966556549, 0.5167485475540161, 0.5113890171051025, 0.5663242340087891, 0.5895488858222961, 0.541313111782074, 0.6033943891525269, 0.5471192598342896], "val_loss": [1.6849477291107178, 1.6288293600082397, 1.6206008195877075, 1.3760699033737183, 1.3970998525619507, 1.2388136386871338, 1.1983815431594849, 1.28512704372406, 1.117251992225647, 1.2588253021240234]}