{"accuracy": [0.2522321343421936, 0.3732142746448517, 0.44732141494750977, 0.4892857074737549, 0.5004464387893677, 0.5174106955528259, 0.5321428775787354, 0.5495535731315613, 0.5638392567634583, 0.5772321224212646, 0.590624988079071, 0.5919643044471741, 0.6191964149475098, 0.6272321343421936, 0.6366071701049805, 0.6535714268684387, 0.675000011920929, 0.6982142925262451, 0.7281249761581421, 0.7254464030265808], "loss": [2.01857590675354, 1.6644567251205444, 1.5500911474227905, 1.4573078155517578, 1.40957772731781, 1.3879954814910889, 1.3177865743637085, 1.2884352207183838, 1.2352465391159058, 1.1919090747833252, 1.1416064500808716, 1.1340502500534058, 1.0741825103759766, 1.0574764013290405, 1.0322356224060059, 0.9543946385383606, 0.9221841096878052, 0.8434802889823914, 0.7638936638832092, 0.7419710159301758], "val_accuracy": [0.3264850378036499, 0.4591335356235504, 0.4957570433616638, 0.5158553123474121, 0.45064762234687805, 0.5609647035598755, 0.5551585555076599, 0.5797231197357178, 0.5908887982368469, 0.6127735376358032, 0.5922286510467529, 0.6444841623306274, 0.6654756665229797, 0.6730683445930481, 0.6677088141441345, 0.7079052925109863, 0.6949530839920044, 0.734256386756897, 0.7628405690193176, 0.8016971945762634], "val_loss": [1.8483113050460815, 1.4867159128189087, 1.433395504951477, 1.3583292961120605, 1.5483378171920776, 1.2523059844970703, 1.2703502178192139, 1.188194751739502, 1.1662007570266724, 1.1169557571411133, 1.134832739830017, 0.9984539151191711, 0.9463376998901367, 0.9250451326370239, 0.9389798641204834, 0.8238711357116699, 0.8791432976722717, 0.7545792460441589, 0.6487323045730591, 0.5970421433448792]}